ID	rxn_smiles
18437	C[C@](O)(CO)[C@H](O)COP(=O)([O-])OP(=O)([O-])OC[C@H]1O[C@@H](N2C=CC(N)=NC2=O)[C@H](O)[C@@H]1O.NC1=NC=NC2=C1N=CN2[C@@H]1O[C@H](COP(=O)([O-])OP(=O)([O-])OP(=O)([O-])[O-])[C@@H](O)[C@H]1O>>C[C@@](CO)(OP(=O)([O-])[O-])[C@H](O)COP(=O)([O-])OP(=O)([O-])OC[C@H]1O[C@@H](N2C=CC(N)=NC2=O)[C@H](O)[C@@H]1O.NC1=NC=NC2=C1N=CN2[C@@H]1O[C@H](COP(=O)([O-])OP(=O)([O-])[O-])[C@@H](O)[C@H]1O.[H+]
38223	CCCCCCCC/C=C\CCCCCCCC(=O)SCCNC(=O)CCNC(=O)[C@H](O)C(C)(C)COP(=O)([O-])OP(=O)([O-])OC[C@H]1O[C@@H](N2C=NC3=C2N=CN=C3N)[C@H](O)[C@@H]1OP(=O)([O-])[O-].CCCCCCCCCCO>>CC(C)(COP(=O)([O-])OP(=O)([O-])OC[C@H]1O[C@@H](N2C=NC3=C2N=CN=C3N)[C@H](O)[C@@H]1OP(=O)([O-])[O-])[C@@H](O)C(=O)NCCC(=O)NCCS.CCCCCCCC/C=C\CCCCCCCC(=O)OCCCCCCCCCC
56748	C*C(=O)[O-].CC1=C(C)C=C2C(=C1)NC1=C(NC(=O)NC1=O)N2C[C@H](O)[C@H](O)[C@H](O)COP(=O)([O-])[O-].O=O>>CC1=C(C)C=C2C(=C1)/N=C1/C(=O)[N-]C(=O)N=C1N2C[C@H](O)[C@H](O)[C@H](O)COP(=O)([O-])[O-].O=C([O-])*CO.[H+].[H]O[H]
65744	CCCCCCCCCCOS(=O)(=O)[O-].O=C([O-])CCC(=O)C(=O)[O-].O=O>>O=C([O-])CCC(=O)[O-].O=C=O.O=S(=O)([O-])[O-].[H+].[H]C(=O)CCCCCCCCC
42684	C[N+](C)(C)[C@@H](CC1=CNC(S(=O)C[C@H](NC(=O)CC[C@H]([NH3+])C(=O)[O-])C(=O)[O-])=N1)C(=O)[O-].[H]O[H]>>C[N+](C)(C)[C@@H](CC1=CNC(S(=O)C[C@H]([NH3+])C(=O)[O-])=N1)C(=O)[O-].[NH3+][C@@H](CCC(=O)[O-])C(=O)[O-]
17545	*N[C@@H](CS(=O)[O-])C(*)=O.*N[C@@H](CS)C(*)=O.*N[C@@H](CS)C(*)=O.NC1=NC=NC2=C1N=CN2[C@@H]1O[C@H](COP(=O)([O-])OP(=O)([O-])OP(=O)([O-])[O-])[C@@H](O)[C@H]1O>>*N[C@@H](CSO)C(*)=O.*N[C@@H](CSSC[C@H](N*)C(*)=O)C(*)=O.NC1=NC=NC2=C1N=CN2[C@@H]1O[C@H](COP(=O)([O-])OP(=O)([O-])[O-])[C@@H](O)[C@H]1O.O=P([O-])([O-])O
55424	C=C[C@@](C)(O)CC/C=C(\C)CCC=C(C)C.CC1=C(C)C=C2C(=C1)NC1=C(NC(=O)NC1=O)N2C[C@H](O)[C@H](O)[C@H](O)COP(=O)([O-])[O-].O=O>>C=C/C=C(\C)CCC=C(C)C.C=CC(C)=O.CC1=C(C)C=C2C(=C1)/N=C1/C(=O)[N-]C(=O)N=C1N2C[C@H](O)[C@H](O)[C@H](O)COP(=O)([O-])[O-].[H+].[H]O[H].[H]O[H]
25832	NC(=O)C1=CC=C[N+]([C@@H]2O[C@H](COP(=O)([O-])OP(=O)([O-])OC[C@H]3O[C@@H](N4C=NC5=C4N=CN=C5N)[C@H](O)[C@@H]3O)[C@@H](O)[C@H]2O)=C1.O[C@H]1[C@H](O)[C@H](O)[C@@H](O)[C@H](O)[C@H]1O>>NC(=O)C1=CN([C@@H]2O[C@H](COP(=O)([O-])OP(=O)([O-])OC[C@H]3O[C@@H](N4C=NC5=C4N=CN=C5N)[C@H](O)[C@@H]3O)[C@@H](O)[C@H]2O)C=CC1.O=C1[C@H](O)[C@H](O)[C@@H](O)[C@H](O)[C@H]1O.[H+]
52044	O=C1C=CN([C@@H]2O[C@H](COP(=O)([O-])OP(=O)([O-])O[C@H]3O[C@H](CO)[C@@H](O)[C@H](O)[C@H]3O)[C@@H](O)[C@H]2O)C(=O)N1.[H][C@@]12C/C=C3/C(C)(C)[C@@H](O)CC[C@@]3([H])[C@]1(C)[C@H](O)C[C@@]1(C)[C@@]2(C)CC[C@]1([H])[C@H](C)CC[C@@H](O)C(C)(C)O>>O=C1C=CN([C@@H]2O[C@H](COP(=O)([O-])OP(=O)([O-])[O-])[C@@H](O)[C@H]2O)C(=O)N1.[H+].[H][C@@]12C/C=C3/C(C)(C)[C@@H](O[C@@H]4O[C@H](CO)[C@@H](O)[C@H](O)[C@H]4O)CC[C@@]3([H])[C@]1(C)[C@H](O)C[C@@]1(C)[C@@]2(C)CC[C@]1([H])[C@H](C)CC[C@@H](O)C(C)(C)O
15689	[H+].[NH3+]CC[C@H]([NH3+])C(=O)[O-]>>O=C=O.[NH3+]CCC[NH3+]
23296	CC(=O)N[C@@H]([C@@H](O)[C@H](O)[C@H](O)CO)[C@@H](O)CC(=O)C(=O)[O-]>>CC(=O)C(=O)[O-].CC(=O)N[C@H](C=O)[C@@H](O)[C@H](O)[C@H](O)CO
11188	N#CC[C@H]([NH3+])C(=O)[O-].[H]O[H].[H]O[H]>>[H][N+]([H])([H])[H].[NH3+][C@@H](CC(=O)[O-])C(=O)[O-]
54184	*C(=O)N[C@@H](*)C(=O)[O-].[H]O[H]>>*[C@H]([NH3+])C(=O)[O-].[1*]C(=O)[O-]
11948	CC(C)(COP(=O)([O-])OP(=O)([O-])OC[C@H]1O[C@@H](N2C=NC3=C2N=CN=C3N)[C@H](O)[C@@H]1OP(=O)([O-])[O-])[C@@H](O)C(=O)NCCC(=O)NCCSC(=O)C1=CC=C(O)C=C1.[H]O[H]>>CC(C)(COP(=O)([O-])OP(=O)([O-])OC[C@H]1O[C@@H](N2C=NC3=C2N=CN=C3N)[C@H](O)[C@@H]1OP(=O)([O-])[O-])[C@@H](O)C(=O)NCCC(=O)NCCS.O=C([O-])C1=CC=C(O)C=C1.[H+]
46956	CC(C)(COP(=O)([O-])OP(=O)([O-])OC[C@H]1O[C@@H](N2C=NC3=C2N=CN=C3N)[C@H](O)[C@@H]1OP(=O)([O-])[O-])[C@@H](O)C(=O)NCCC(=O)NCCSC(=O)CCC1=CC(O)=C(O)C=C1.NC(=O)C1=CC=C[N+]([C@@H]2O[C@H](COP(=O)([O-])OP(=O)([O-])OC[C@H]3O[C@@H](N4C=NC5=C4N=CN=C5N)[C@H](O)[C@@H]3O)[C@@H](O)[C@H]2O)=C1.NC(=O)C1=CC=C[N+]([C@@H]2O[C@H](COP(=O)([O-])OP(=O)([O-])OC[C@H]3O[C@@H](N4C=NC5=C4N=CN=C5N)[C@H](O)[C@@H]3O)[C@@H](O)[C@H]2O)=C1.S1[Fe]S[Fe+]1.S1[Fe]S[Fe+]1>>CC(C)(COP(=O)([O-])OP(=O)([O-])OC[C@H]1O[C@@H](N2C=NC3=C2N=CN=C3N)[C@H](O)[C@@H]1OP(=O)([O-])[O-])[C@@H](O)C(=O)NCCC(=O)NCCSC(=O)/C=C/C1=CC(O)=C(O)C=C1.NC(=O)C1=CN([C@@H]2O[C@H](COP(=O)([O-])OP(=O)([O-])OC[C@H]3O[C@@H](N4C=NC5=C4N=CN=C5N)[C@H](O)[C@@H]3O)[C@@H](O)[C@H]2O)C=CC1.NC(=O)C1=CN([C@@H]2O[C@H](COP(=O)([O-])OP(=O)([O-])OC[C@H]3O[C@@H](N4C=NC5=C4N=CN=C5N)[C@H](O)[C@@H]3O)[C@@H](O)[C@H]2O)C=CC1.S1[Fe+]S[Fe+]1.S1[Fe+]S[Fe+]1
18005	NC(=O)C1=CC=C[N+]([C@@H]2O[C@H](COP(=O)([O-])OP(=O)([O-])OC[C@H]3O[C@@H](N4C=NC5=C4N=CN=C5N)[C@H](OP(=O)([O-])[O-])[C@@H]3O)[C@@H](O)[C@H]2O)=C1.OC[C@@H](O)[C@H](O)CO>>NC(=O)C1=CN([C@@H]2O[C@H](COP(=O)([O-])OP(=O)([O-])OC[C@H]3O[C@@H](N4C=NC5=C4N=CN=C5N)[C@H](OP(=O)([O-])[O-])[C@@H]3O)[C@@H](O)[C@H]2O)C=CC1.O=C(CO)[C@H](O)CO.[H+]
23560	CC1=CC2=C(C=C1C)N([C@H]1O[C@H](COP(=O)([O-])[O-])[C@@H](O)[C@H]1O)C=N2.[H][C@@]12[C@H](CC(N)=O)[C@@](C)(CCC(=O)NC[C@@H](C)OP(=O)([O-])OP(=O)([O-])OC[C@H]3O[C@@H](N4C=NC5=C4N=C(N)NC5=O)[C@H](O)[C@@H]3O)/C3=C(\C)C4=[N+]5/C(=C\C6=[N+]7/C(=C(C)\C8=[N+](\[C@]1(C)[C@@](C)(CC(N)=O)[C@@H]8CCC(N)=O)[Co-2]57(C[C@H]1O[C@@H](N5C=NC7=C5N=CN=C7N)[C@H](O)[C@@H]1O)N32)[C@@](C)(CC(N)=O)[C@@H]6CCC(N)=O)C(C)(C)[C@@H]4CCC(N)=O>>NC1=NC2=C(N=CN2[C@@H]2O[C@H](COP(=O)([O-])[O-])[C@@H](O)[C@H]2O)C(=O)N1.[H+].[H][C@]12[C@H](CC(N)=O)[C@@]3(C)CCC(=O)NC[C@@H](C)OP(=O)([O-])O[C@H]4[C@@H](O)[C@H](O[C@@H]4COP(=O)([O-])[O-])N4/C=[N+](\C5=CC(C)=C(C)C=C54)[Co-3]456(C[C@H]7O[C@@H](N8/C=N\C9=C8N=CN=C9N)[C@H](O)[C@@H]7O)N1C3=C(C)C1=[N+]4/C(=C\C3=[N+]5/C(=C(/C)C4=[N+]6[C@]2(C)[C@@](C)(CC(N)=O)[C@@H]4CCC(N)=O)[C@@](C)(CC(N)=O)[C@@H]3CCC(N)=O)C(C)(C)[C@@H]1CCC(N)=O
77343	CN(C)C(=[NH2+])NCCC[C@H]([NH3+])C(=O)[O-].O=C([O-])CC(=O)C(=O)[O-]>>CN(C)C(=[NH2+])NCCCC(=O)C(=O)[O-].[NH3+][C@@H](CC(=O)[O-])C(=O)[O-]
36987	NC1=NC(=O)N([C@@H]2O[C@H](COP(=O)([O-])[O-])[C@@H](O)[C@H]2O)C=C1.O=P([O-])([O-])O>>NC1=NC(=O)NC=C1.O=P([O-])([O-])OC[C@H]1O[C@H](OP(=O)([O-])[O-])[C@H](O)[C@@H]1O
15377	CC(=O)C(=O)[C@@H](O)CO.NC1=NC=NC2=C1N=CN2[C@@H]1O[C@H](COP(=O)([O-])OP(=O)([O-])OP(=O)([O-])[O-])[C@@H](O)[C@H]1O>>CC(=O)C(=O)[C@@H](O)COP(=O)([O-])[O-].NC1=NC=NC2=C1N=CN2[C@@H]1O[C@H](COP(=O)([O-])OP(=O)([O-])[O-])[C@@H](O)[C@H]1O.[H+]
23288	CC(C)(COP(=O)([O-])OP(=O)([O-])OC[C@H]1O[C@@H](N2C=NC3=C2N=CN=C3N)[C@H](O)[C@@H]1OP(=O)([O-])[O-])[C@@H](O)C(=O)NCCC(=O)NCCS.NC(=O)C1=CC=C[N+]([C@@H]2O[C@H](COP(=O)([O-])OP(=O)([O-])OC[C@H]3O[C@@H](N4C=NC5=C4N=CN=C5N)[C@H](O)[C@@H]3O)[C@@H](O)[C@H]2O)=C1.[H]C(C)=O>>CC(=O)SCCNC(=O)CCNC(=O)[C@H](O)C(C)(C)COP(=O)([O-])OP(=O)([O-])OC[C@H]1O[C@@H](N2C=NC3=C2N=CN=C3N)[C@H](O)[C@@H]1OP(=O)([O-])[O-].NC(=O)C1=CN([C@@H]2O[C@H](COP(=O)([O-])OP(=O)([O-])OC[C@H]3O[C@@H](N4C=NC5=C4N=CN=C5N)[C@H](O)[C@@H]3O)[C@@H](O)[C@H]2O)C=CC1.[H+]
22872	*C(=O)[C@@H]1CCCN1*.O=C([O-])CCC(=O)C(=O)[O-].O=O>>*C(=O)[C@@H]1[C@@H](O)CCN1*.O=C([O-])CCC(=O)[O-].O=C=O
68061	*C1CC[C@@]2(C)C3CCC4CCCCC4(C)C3CCC12C.CC1=C(C)C=C2C(=C1)NC1=C(NC(=O)NC1=O)N2C[C@H](O)[C@H](O)[C@H](O)COP(=O)([O-])[O-].O=O>>*C1CC[C@@]2(CO)C3CCC4CCCCC4(C)C3CCC12C.CC1=C(C)C=C2C(=C1)/N=C1/C(=O)[N-]C(=O)N=C1N2C[C@H](O)[C@H](O)[C@H](O)COP(=O)([O-])[O-].[H+].[H]O[H]
43060	O=P([O-])([O-])O.OCC(CO)O[C@H]1O[C@H](CO)[C@@H](O)[C@H](O)[C@H]1O>>O=P([O-])([O-])O[C@@H]1O[C@H](CO)[C@@H](O)[C@H](O)[C@H]1O.OCC(O)CO
67464	CCC(=O)SCCNC(=O)CCNC(=O)[C@H](O)C(C)(C)COP(=O)([O-])OP(=O)([O-])OC[C@H]1O[C@@H](N2C=NC3=C2N=CN=C3N)[C@H](O)[C@@H]1OP(=O)([O-])[O-].[H]O[H]>>CCC(=O)SCCNC(=O)CCNC(=O)[C@H](O)C(C)(C)COP(=O)([O-])[O-].NC1=NC=NC2=C1N=CN2[C@@H]1O[C@H](COP(=O)([O-])[O-])[C@@H](OP(=O)([O-])[O-])[C@H]1O.[H+].[H+]
32227	NC(=O)C1=CN([C@@H]2O[C@H](COP(=O)([O-])OP(=O)([O-])OC[C@H]3O[C@@H](N4C=NC5=C4N=CN=C5N)[C@H](OP(=O)([O-])[O-])[C@@H]3O)[C@@H](O)[C@H]2O)[C@H](O)CC1>>NC(=O)C1=CN([C@@H]2O[C@H](COP(=O)([O-])OP(=O)([O-])OC[C@H]3O[C@@H](N4C=NC5=C4N=CN=C5N)[C@H](OP(=O)([O-])[O-])[C@@H]3O)[C@@H](O)[C@H]2O)[C@@H](O)CC1
52009	CC(C)(COP(=O)([O-])OP(=O)([O-])OC[C@H]1O[C@@H](N2C=NC3=C2N=CN=C3N)[C@H](O)[C@@H]1OP(=O)([O-])[O-])[C@@H](O)C(=O)NCCC(=O)NCCS.CCCCC/C=C\C/C=C\CC1OC1C/C=C\CCCC(=O)[O-].NC1=NC=NC2=C1N=CN2[C@@H]1O[C@H](COP(=O)([O-])OP(=O)([O-])OP(=O)([O-])[O-])[C@@H](O)[C@H]1O>>CCCCC/C=C\C/C=C\CC1OC1C/C=C\CCCC(=O)SCCNC(=O)CCNC(=O)[C@H](O)C(C)(C)COP(=O)([O-])OP(=O)([O-])OC[C@H]1O[C@@H](N2C=NC3=C2N=CN=C3N)[C@H](O)[C@@H]1OP(=O)([O-])[O-].NC1=NC=NC2=C1N=CN2[C@@H]1O[C@H](COP(=O)([O-])[O-])[C@@H](O)[C@H]1O.O=P([O-])([O-])OP(=O)([O-])O
12773	O=C([O-])CCC(=O)C(=O)[O-].O=O.[NH3+]CC[C@@H](O)[C@@H](C(=O)[O-])N1CCC1=O>>O=C([O-])CCC(=O)[O-].O=C=O.[H]O[H].[H][C@]12CC(=O)N1[C@H](C(=O)[O-])[C@@H](CC[NH3+])O2
67956	C[C@H](Cl)C(=O)[O-].[H]O[H]>>C[C@@H](O)C(=O)[O-].[Cl-].[H+]
28534	CC1=CN([C@H]2C[C@H](O)[C@@H](COP(=O)([O-])OP(=O)([O-])OP(=O)([O-])[O-])O2)C(=O)NC1=O.[H]O[H]>>CC1=CN([C@H]2C[C@H](O)[C@@H](COP(=O)([O-])[O-])O2)C(=O)NC1=O.O=P([O-])([O-])OP(=O)([O-])O.[H+]
77099	O=C1NC(=O)N([C@H]2C[C@H](O)[C@@H](COP(=O)([O-])[O-])O2)C=C1CO.[H]O[H]>>O=C1NC=C(CO)C(=O)N1.O=P([O-])([O-])OC[C@H]1OC(O)C[C@@H]1O
30275	[H]*[H].[H]OO[H]>>*.[H]O[H].[H]O[H]
37444	CCCCC/C=C\C/C=C\C/C=C\C/C=C\CCCC(=O)SCCNC(=O)CCNC(=O)[C@H](O)C(C)(C)COP(=O)([O-])OP(=O)([O-])OC[C@H]1O[C@@H](N2C=NC3=C2N=CN=C3N)[C@H](O)[C@@H]1OP(=O)([O-])[O-].CCCCCCCC/C=C\CCCCCCCC(=O)OC[C@@H](O)COP(=O)([O-])[O-]>>CC(C)(COP(=O)([O-])OP(=O)([O-])OC[C@H]1O[C@@H](N2C=NC3=C2N=CN=C3N)[C@H](O)[C@@H]1OP(=O)([O-])[O-])[C@@H](O)C(=O)NCCC(=O)NCCS.CCCCC/C=C\C/C=C\C/C=C\C/C=C\CCCC(=O)O[C@H](COC(=O)CCCCCCC/C=C\CCCCCCCC)COP(=O)([O-])[O-]
35767	C[S+](CC[C@H]([NH3+])C(=O)[O-])C[C@H]1O[C@@H](N2C=NC3=C2N=CN=C3N)[C@H](O)[C@@H]1O.[H][C@]12OCC[C@@]1([H])C1=C(C=C(OC)C3=C1OC1=C(C3=O)C(O)=CC=C1)O2>>NC1=NC=NC2=C1N=CN2[C@@H]1O[C@H](CSCC[C@H]([NH3+])C(=O)[O-])[C@@H](O)[C@H]1O.[H+].[H][C@]12OCC[C@@]1([H])C1=C(C=C(OC)C3=C1OC1=C(C3=O)C(OC)=CC=C1)O2
69464	*N[C@@H](CS)C(*)=O.*N[C@@H](CS)C(*)=O.*N[C@@H](CS)C(*)=O.*N[C@@H](CS)C(*)=O.C[S+](CC[C@H]([NH3+])C(=O)[O-])C[C@H]1O[C@@H](N2C=NC3=C2N=CN=C3N)[C@H](O)[C@@H]1O.C[S+](CC[C@H]([NH3+])C(=O)[O-])C[C@H]1O[C@@H](N2C=NC3=C2N=CN=C3N)[C@H](O)[C@@H]1O.[H]O[H].[NH3+][C@@H](CCC(=O)N[C@@H](CS[As](SC[C@H](NC(=O)CC[C@H]([NH3+])C(=O)[O-])C(=O)NCC(=O)[O-])SC[C@H](NC(=O)CC[C@H]([NH3+])C(=O)[O-])C(=O)NCC(=O)[O-])C(=O)NCC(=O)[O-])C(=O)[O-]>>*N[C@@H](CSSC[C@H](N*)C(*)=O)C(*)=O.*N[C@@H](CSSC[C@H](N*)C(*)=O)C(*)=O.C[As](C)O.NC1=NC=NC2=C1N=CN2[C@@H]1O[C@H](CSCC[C@H]([NH3+])C(=O)[O-])[C@@H](O)[C@H]1O.NC1=NC=NC2=C1N=CN2[C@@H]1O[C@H](CSCC[C@H]([NH3+])C(=O)[O-])[C@@H](O)[C@H]1O.[H+].[H+].[NH3+][C@@H](CCC(=O)N[C@@H](CS)C(=O)NCC(=O)[O-])C(=O)[O-].[NH3+][C@@H](CCC(=O)N[C@@H](CS)C(=O)NCC(=O)[O-])C(=O)[O-].[NH3+][C@@H](CCC(=O)N[C@@H](CS)C(=O)NCC(=O)[O-])C(=O)[O-]
17289	O=P([O-])([O-])OC[C@H]1O[C@@](CO)(OP(=O)([O-])[O-])[C@@H](O)[C@@H]1O.[H]O[H]>>O=P([O-])([O-])O.O=P([O-])([O-])OC[C@H]1O[C@](O)(CO)[C@@H](O)[C@@H]1O
26172	CC(=O)SCCNC(=O)CCNC(=O)[C@H](O)C(C)(C)COP(=O)([O-])OP(=O)([O-])OC[C@H]1O[C@@H](N2C=NC3=C2N=CN=C3N)[C@H](O)[C@@H]1OP(=O)([O-])[O-].[NH3+][C@@H](CS)C(=O)N[C@H]1[C@@H](O[C@@H]2[C@H](O)[C@H](O)[C@@H](O)[C@H](O)[C@H]2O)O[C@H](CO)[C@@H](O)[C@@H]1O>>CC(=O)N[C@@H](CS)C(=O)N[C@H]1[C@@H](O[C@@H]2[C@H](O)[C@H](O)[C@@H](O)[C@H](O)[C@H]2O)O[C@H](CO)[C@@H](O)[C@@H]1O.CC(C)(COP(=O)([O-])OP(=O)([O-])OC[C@H]1O[C@@H](N2C=NC3=C2N=CN=C3N)[C@H](O)[C@@H]1OP(=O)([O-])[O-])[C@@H](O)C(=O)NCCC(=O)NCCS.[H+]
11708	NC(=O)C1=CC=C[N+]([C@@H]2O[C@H](COP(=O)([O-])OP(=O)([O-])OC[C@H]3O[C@@H](N4C=NC5=C4N=CN=C5N)[C@H](O)[C@@H]3O)[C@@H](O)[C@H]2O)=C1.O=C1NC=NC2=C1N=CN2[C@@H]1O[C@H](COP(=O)([O-])[O-])[C@@H](O)[C@H]1O.[H]O[H]>>NC(=O)C1=CN([C@@H]2O[C@H](COP(=O)([O-])OP(=O)([O-])OC[C@H]3O[C@@H](N4C=NC5=C4N=CN=C5N)[C@H](O)[C@@H]3O)[C@@H](O)[C@H]2O)C=CC1.O=C1NC(=O)C2=C(N1)N([C@@H]1O[C@H](COP(=O)([O-])[O-])[C@@H](O)[C@H]1O)C=N2.[H+]
55268	O=C([O-])[C@@H](CO)O[C@H]1O[C@H](CO)[C@@H](O)[C@H](O)[C@H]1O.O=P([O-])([O-])O>>O=C([O-])[C@H](O)CO.O=P([O-])([O-])O[C@H]1O[C@H](CO)[C@@H](O)[C@H](O)[C@H]1O
49232	*N[C@@H](CC1=CN=CN1P(=O)([O-])[O-])C(*)=O.OC[C@H]1OC(O)[C@@H](O)[C@@H](O)[C@@H]1O>>*N[C@@H](CC1=CNC=N1)C(*)=O.O=P([O-])([O-])OC[C@H]1OC(O)[C@@H](O)[C@@H](O)[C@@H]1O
34159	CC(=O)N[C@H]1[C@@H](OP(=O)([O-])OP(=O)([O-])OC[C@H]2O[C@@H](N3C=CC(=O)NC3=O)[C@H](O)[C@@H]2O)O[C@H](C)[C@@H]([NH3+])[C@@H]1O.CC(=O)SCCNC(=O)CCNC(=O)[C@H](O)C(C)(C)COP(=O)([O-])OP(=O)([O-])OC[C@H]1O[C@@H](N2C=NC3=C2N=CN=C3N)[C@H](O)[C@@H]1OP(=O)([O-])[O-]>>CC(=O)N[C@H]1[C@@H](OP(=O)([O-])OP(=O)([O-])OC[C@H]2O[C@@H](N3C=CC(=O)NC3=O)[C@H](O)[C@@H]2O)O[C@H](C)[C@@H](NC(C)=O)[C@@H]1O.CC(C)(COP(=O)([O-])OP(=O)([O-])OC[C@H]1O[C@@H](N2C=NC3=C2N=CN=C3N)[C@H](O)[C@@H]1OP(=O)([O-])[O-])[C@@H](O)C(=O)NCCC(=O)NCCS.[H+]
61021	*O[C@H]1[C@@H](O)[C@H](N2C=CC(=O)NC2=O)O[C@@H]1COP(*)(=O)[O-].CC(=O)SCCNC(=O)CCNC(=O)[C@H](O)C(C)(C)COP(=O)([O-])OP(=O)([O-])OC[C@H]1O[C@@H](N2C=NC3=C2N=CN=C3N)[C@H](O)[C@@H]1OP(=O)([O-])[O-].C[S+](CC[C@H]([NH3+])C(=O)[O-])C[C@H]1O[C@@H](N2C=NC3=C2N=CN=C3N)[C@H](O)[C@@H]1O.[H]O[H]>>*O[C@H]1[C@@H](O)[C@H](N2C=C(CC(=O)[O-])C(=O)NC2=O)O[C@@H]1COP(*)(=O)[O-].CC(C)(COP(=O)([O-])OP(=O)([O-])OC[C@H]1O[C@@H](N2C=NC3=C2N=CN=C3N)[C@H](O)[C@@H]1OP(=O)([O-])[O-])[C@@H](O)C(=O)NCCC(=O)NCCS.CSCC[C@H]([NH3+])C(=O)[O-].C[C@H]1O[C@@H](N2C=NC3=C(N)N=CN=C32)[C@H](O)[C@@H]1O.[H+].[H+]
17101	*C(=O)O[C@H](CC(=O)[O-])C[N+](C)(C)C.[H]O[H]>>*C(=O)[O-].C[N+](C)(C)C[C@H](O)CC(=O)[O-].[H+]
15625	NC(=O)C1=CC=C[N+]([C@@H]2O[C@H](COP(=O)([O-])OP(=O)([O-])OC[C@H]3O[C@@H](N4C=NC5=C4N=CN=C5N)[C@H](O)[C@@H]3O)[C@@H](O)[C@H]2O)=C1.[H][C@]12[C@H](CC(=O)[O-])[C@@](C)(CCC(=O)[O-])C3=[N+]1[Co-2]14N5/C(=C\C6=[N+]1C(=C(CCC(=O)[O-])[C@]6(C)CC(=O)[O-])C[C@@]1(C)C(CC(=O)[O-])=C(CCC(=O)[O-])C(=[N+]14)C3)[C@@H](CCC(=O)[O-])[C@](C)(CC(=O)[O-])[C@@]52C>>C[C@]1(CC(=O)[O-])C(CCC(=O)[O-])=C2C[C@@]3(C)C(CC(=O)[O-])=C(CCC(=O)[O-])C4=[N+]3[Co-2]35N6/C(=C\C1=[N+]23)[C@@H](CCC(=O)[O-])[C@](C)(CC(=O)[O-])[C@]6(C)C1=C(CC(=O)[O-])[C@@](C)(CCC(=O)[O-])C(=[N+]15)C4.NC(=O)C1=CN([C@@H]2O[C@H](COP(=O)([O-])OP(=O)([O-])OC[C@H]3O[C@@H](N4C=NC5=C4N=CN=C5N)[C@H](O)[C@@H]3O)[C@@H](O)[C@H]2O)C=CC1.[H+]
63661	*N[C@@H](CCCC[NH3+])C(*)=O.C[C@H]([NH3+])C(=O)CCCCCC(=O)[O-].O=C=O>>*N[C@@H](CCCC([H])=O)C(*)=O.C[C@H]([NH3+])[C@@H](CCCCCC(=O)[O-])NC(=O)[O-].[H+].[H+]
21640	NC(=O)C1=CC=C[N+]([C@@H]2O[C@H](COP(=O)([O-])OP(=O)([O-])OC[C@H]3O[C@@H](N4C=NC5=C4N=CN=C5N)[C@H](OP(=O)([O-])[O-])[C@@H]3O)[C@@H](O)[C@H]2O)=C1.[H][C@]1(O)C=C[C@@](CC(=O)C(=O)[O-])(C(=O)[O-])C=C1>>NC(=O)C1=CN([C@@H]2O[C@H](COP(=O)([O-])OP(=O)([O-])OC[C@H]3O[C@@H](N4C=NC5=C4N=CN=C5N)[C@H](OP(=O)([O-])[O-])[C@@H]3O)[C@@H](O)[C@H]2O)C=CC1.O=C([O-])C(=O)CC1=CC=C(O)C=C1.O=C=O
37883	CC(=O)SCCNC(=O)CCNC(=O)[C@H](O)C(C)(C)COP(=O)([O-])OP(=O)([O-])OC[C@H]1O[C@@H](N2C=NC3=C2N=CN=C3N)[C@H](O)[C@@H]1OP(=O)([O-])[O-].O=C([O-])C(=O)[O-]>>CC(=O)[O-].CC(C)(COP(=O)([O-])OP(=O)([O-])OC[C@H]1O[C@@H](N2C=NC3=C2N=CN=C3N)[C@H](O)[C@@H]1OP(=O)([O-])[O-])[C@@H](O)C(=O)NCCC(=O)NCCSC(=O)C(=O)[O-]
32711	NC(=O)C1=CC=C[N+]([C@@H]2O[C@H](COP(=O)([O-])OP(=O)([O-])OC[C@H]3O[C@@H](N4C=NC5=C4N=CN=C5N)[C@H](O)[C@@H]3O)[C@@H](O)[C@H]2O)=C1.[1*][C@@H](O)CC(=O)SCCNC(=O)CCNC(=O)[C@H](O)C(C)(C)COP(=O)([O-])OP(=O)([O-])OC[C@H]1O[C@@H](N2C=NC3=C2N=CN=C3N)[C@H](O)[C@@H]1OP(=O)([O-])[O-]>>*C(=O)CC(=O)SCCNC(=O)CCNC(=O)[C@H](O)C(C)(C)COP(=O)([O-])OP(=O)([O-])OC[C@H]1O[C@@H](N2C=NC3=C2N=CN=C3N)[C@H](O)[C@@H]1OP(=O)([O-])[O-].NC(=O)C1=CN([C@@H]2O[C@H](COP(=O)([O-])OP(=O)([O-])OC[C@H]3O[C@@H](N4C=NC5=C4N=CN=C5N)[C@H](O)[C@@H]3O)[C@@H](O)[C@H]2O)C=CC1.[H+]
10448	*C1=C(*)C(*)=C(C2OC3=C(C(=O)C2*)C(*)=C(*)C(*)=C3*)C(*)=C1*.O=C([O-])CCC(=O)C(=O)[O-].O=O>>*C1=C(*)C(*)=C(C2=C(*)C(=O)C3=C(O2)C(*)=C(*)C(*)=C3*)C(*)=C1*.O=C([O-])CCC(=O)[O-].O=C=O.[H]O[H]
33031	NC(=O)C1=CN([C@@H]2O[C@H](COP(=O)([O-])OP(=O)([O-])OC[C@H]3O[C@@H](N4C=NC5=C4N=CN=C5N)[C@H](O)[C@@H]3O)[C@@H](O)[C@H]2O)C=CC1.O=C(CO)[C@@H](O)[C@H](O)[C@H](O)CO.[H+]>>NC(=O)C1=CC=C[N+]([C@@H]2O[C@H](COP(=O)([O-])OP(=O)([O-])OC[C@H]3O[C@@H](N4C=NC5=C4N=CN=C5N)[C@H](O)[C@@H]3O)[C@@H](O)[C@H]2O)=C1.OC[C@@H](O)[C@@H](O)[C@H](O)[C@@H](O)CO
52224	C=CC1=C(C)/C2=C/C3=C(C=C)C(C)=C4/C=C5/C(C)=C(CCC(=O)[O-])C6=[N+]5[Fe-2]5(N43)N3C(=C6)C(CCC(=O)[O-])=C(C)/C3=C/C1=[N+]25.O=O.O=O.O=O.[H+].[H+].[H+].[H]*[H].[H]*[H].[H]*[H]>>*.*.*.C=CC1=C(C)/C(=C/C2=C(C=C)C(C)C(=O)N2)[NH+]=C1/C=C1\N/C(=C\C2=NC(=O)C(C)=C2CCC(=O)[O-])C(CCC(=O)[O-])=C1C.[C-]#[O+].[Fe+2].[H]O[H].[H]O[H].[H]O[H]
25321	C[NH2+]CCOP(=O)([O-])[O-].C[S+](CC[C@H]([NH3+])C(=O)[O-])C[C@H]1O[C@@H](N2C=NC3=C2N=CN=C3N)[C@H](O)[C@@H]1O>>C[NH+](C)CCOP(=O)([O-])[O-].NC1=NC=NC2=C1N=CN2[C@@H]1O[C@H](CSCC[C@H]([NH3+])C(=O)[O-])[C@@H](O)[C@H]1O.[H+]
14357	CC1=C(C)C=C2C(=C1)/N=C1C(=O)[N-]C(=O)\N=C/1N2C[C@H](O)[C@H](O)[C@H](O)CO.NC1=NC=NC2=C1N=CN2[C@@H]1O[C@H](COP(=O)([O-])OP(=O)([O-])OP(=O)([O-])[O-])[C@@H](O)[C@H]1O>>CC1=C(C)C=C2C(=C1)/N=C1/C(=O)[N-]C(=O)N=C1N2C[C@H](O)[C@H](O)[C@H](O)COP(=O)([O-])[O-].NC1=NC=NC2=C1N=CN2[C@@H]1O[C@H](COP(=O)([O-])OP(=O)([O-])[O-])[C@@H](O)[C@H]1O.[H+]
16145	O=O.[Fe+2].[Fe+2].[H+].[H+].[H][C@@]1([C@H](O)[C@H](O)CO)O[C@](OP(=O)([O-])OC[C@H]2O[C@@H](N3C=CC(N)=NC3=O)[C@H](O)[C@@H]2O)(C(=O)[O-])C[C@H](O)[C@H]1NC(C)=O>>[Fe+3].[Fe+3].[H]O[H].[H][C@@]1([C@H](O)[C@H](O)CO)O[C@](OP(=O)([O-])OC[C@H]2O[C@@H](N3C=CC(N)=NC3=O)[C@H](O)[C@@H]2O)(C(=O)[O-])C[C@H](O)[C@H]1NC(=O)CO
54798	*C(=O)[C@@H](*)C(=O)[O-].NC(=O)C1=CN([C@@H]2O[C@H](COP(=O)([O-])OP(=O)([O-])OC[C@H]3O[C@@H](N4C=NC5=C4N=CN=C5N)[C@H](OP(=O)([O-])[O-])[C@@H]3O)[C@@H](O)[C@H]2O)C=CC1.[H+]>>*[C@H](O)[C@@H](*)C(=O)[O-].NC(=O)C1=CC=C[N+]([C@@H]2O[C@H](COP(=O)([O-])OP(=O)([O-])OC[C@H]3O[C@@H](N4C=NC5=C4N=CN=C5N)[C@H](OP(=O)([O-])[O-])[C@@H]3O)[C@@H](O)[C@H]2O)=C1
37667	*N[C@H](C(*)=O)[C@@H](C)O[C@H]1O[C@H](CO)[C@@H](O[C@@H]2O[C@H](CO)[C@@H](O)[C@H](O)[C@H]2NC(C)=O)[C@H](O)[C@@H]1O.CC(=O)N[C@H]1[C@@H](OP(=O)([O-])OP(=O)([O-])OC[C@H]2O[C@@H](N3C=CC(=O)NC3=O)[C@H](O)[C@@H]2O)O[C@H](CO)[C@H](O)[C@@H]1O>>*N[C@H](C(*)=O)[C@@H](C)O[C@H]1O[C@H](CO)[C@@H](O[C@@H]2O[C@H](CO)[C@@H](O)[C@H](O[C@@H]3O[C@H](CO)[C@H](O)[C@H](O)[C@H]3NC(C)=O)[C@H]2NC(C)=O)[C@H](O)[C@@H]1O.O=C1C=CN([C@@H]2O[C@H](COP(=O)([O-])OP(=O)([O-])[O-])[C@@H](O)[C@H]2O)C(=O)N1.[H+]
50296	CC1=C(C)C=C2C(=C1)NC1=C(NC(=O)NC1=O)N2C[C@H](O)[C@H](O)[C@H](O)COP(=O)([O-])[O-].CCCCC/C=C\C/C=C\C/C=C\C/C=C\CCCC(=O)NCCC1=CNC2=C1C=C(O)C=C2.O=O>>CC1=C(C)C=C2C(=C1)/N=C1/C(=O)[N-]C(=O)N=C1N2C[C@H](O)[C@H](O)[C@H](O)COP(=O)([O-])[O-].CCCCC/C=C\C/C=C\C/C=C\C/C=C\CCCC(=O)NCCC1C(=O)NC2=C1C=C(O)C=C2.[H+].[H]O[H]
34364	CC(=O)N[C@H]1[C@@H](OP(=O)([O-])[O-])O[C@H](CO)[C@H](O)[C@@H]1O.O=C1C=CN([C@@H]2O[C@H](COP(=O)([O-])OP(=O)([O-])OP(=O)([O-])[O-])[C@@H](O)[C@H]2O)C(=O)N1.[H+]>>CC(=O)N[C@H]1[C@@H](OP(=O)([O-])OP(=O)([O-])OC[C@H]2O[C@@H](N3C=CC(=O)NC3=O)[C@H](O)[C@@H]2O)O[C@H](CO)[C@H](O)[C@@H]1O.O=P([O-])([O-])OP(=O)([O-])O
18213	NC1=NC(=O)N([C@@H]2O[C@H](COP(=O)([O-])OP(=O)([O-])OP(=O)([O-])[O-])[C@@H](O)[C@H]2O)C=C1.O=P([O-])([O-])O[C@H]1O[C@H](CO)[C@@H](O)[C@H](O)[C@H]1O.[H+]>>NC1=NC(=O)N([C@@H]2O[C@H](COP(=O)([O-])OP(=O)([O-])OC3O[C@H](CO)[C@@H](O)[C@H](O)[C@H]3O)[C@@H](O)[C@H]2O)C=C1.O=P([O-])([O-])OP(=O)([O-])O
30339	[H+].[NH3+][C@@H](CC1=CNC2=C1C=CC=C2)C(=O)[O-]>>O=C=O.[NH3+]CCC1=CNC2=C1/C=C\C=C/2
20805	CC(C)(COP(=O)([O-])OP(=O)([O-])OC[C@H]1O[C@@H](N2C=NC3=C2N=CN=C3N)[C@H](O)[C@@H]1OP(=O)([O-])[O-])[C@@H](O)C(=O)NCCC(=O)NCCS.CC(C=O)C(=O)[O-].NC(=O)C1=CC=C[N+]([C@@H]2O[C@H](COP(=O)([O-])OP(=O)([O-])OC[C@H]3O[C@@H](N4C=NC5=C4N=CN=C5N)[C@H](O)[C@@H]3O)[C@@H](O)[C@H]2O)=C1.[H]O[H]>>CCC(=O)SCCNC(=O)CCNC(=O)[C@H](O)C(C)(C)COP(=O)([O-])OP(=O)([O-])OC[C@H]1O[C@@H](N2C=NC3=C2N=CN=C3N)[C@H](O)[C@@H]1OP(=O)([O-])[O-].NC(=O)C1=CN([C@@H]2O[C@H](COP(=O)([O-])OP(=O)([O-])OC[C@H]3O[C@@H](N4C=NC5=C4N=CN=C5N)[C@H](O)[C@@H]3O)[C@@H](O)[C@H]2O)C=CC1.O=C([O-])O.[H+]
36140	CC(C)(COP(=O)([O-])OP(=O)([O-])OC[C@H]1O[C@@H](N2C=NC3=C2N=CN=C3N)[C@H](O)[C@@H]1OP(=O)([O-])[O-])[C@@H](O)C(=O)NCCC(=O)NCCS.CCCCCCCCCCCCC/C=C/C(=O)[O-].NC1=NC=NC2=C1N=CN2[C@@H]1O[C@H](COP(=O)([O-])OP(=O)([O-])OP(=O)([O-])[O-])[C@@H](O)[C@H]1O>>CCCCCCCCCCCCC/C=C/C(=O)SCCNC(=O)CCNC(=O)[C@H](O)C(C)(C)COP(=O)([O-])OP(=O)([O-])OC[C@H]1O[C@@H](N2C=NC3=C2N=CN=C3N)[C@H](O)[C@@H]1OP(=O)([O-])[O-].NC1=NC=NC2=C1N=CN2[C@@H]1O[C@H](COP(=O)([O-])[O-])[C@@H](O)[C@H]1O.O=P([O-])([O-])OP(=O)([O-])O
14345	[H+].[NH3+][C@@H](CC1=CC=C(O)C=C1)C(=O)[O-]>>O=C=O.[NH3+]CCC1=CC=C(O)C=C1
48784	O=C(CO)[C@H](O)COP(=O)([O-])[O-]>>[H]C(=O)[C@H](O)[C@H](O)COP(=O)([O-])[O-]
45452	CCCCCCCCCCCCCC(=O)NCCO.[H]O[H]>>CCCCCCCCCCCCCC(=O)[O-].[NH3+]CCO
29367	NC1=NC(=O)N([C@@H]2O[C@H](COP(=O)([O-])[O-])[C@@H](O)[C@H]2O)C=C1.[H]O[H]>>NC1=NC(=O)N([C@@H]2O[C@H](CO)[C@@H](O)[C@H]2O)C=C1.O=P([O-])([O-])O
51449	CC1=C(C)C=C2C(=C1)NC1=C(NC(=O)NC1=O)N2C[C@H](O)[C@H](O)[C@H](O)COP(=O)([O-])[O-].O=O.[H][C@@]12C[C@H](O)CC[C@]1(C)[C@@]1([H])CC[C@@]3(C)[C@@]([H])(CC[C@]3([H])[C@H](C)CCC(=O)[O-])[C@]1([H])[C@H](O)C2>>CC1=C(C)C=C2C(=C1)/N=C1/C(=O)[N-]C(=O)N=C1N2C[C@H](O)[C@H](O)[C@H](O)COP(=O)([O-])[O-].[H+].[H]O[H].[H][C@@]12CC[C@]([H])([C@H](C)CCC(=O)[O-])[C@@]1(C)CC[C@]1([H])[C@@]3(C)CC[C@@H](O)C[C@@]3([H])[C@H](O)[C@@H](O)[C@@]21[H]
52560	O=C([O-])C(=O)[C@H](O)CO>>O=C([O-])[C@H](O)C(=O)CO
75940	NC(=[NH2+])NCCC[C@H]([NH3+])C(=O)[O-].[NH3+]CCCC(=O)[O-]>>NC(=[NH2+])NCCCC(=O)[O-].[NH3+]CCC[C@H]([NH3+])C(=O)[O-]
61660	CC(C)=CCC/C(C)=C/CO.NC1=NC=NC2=C1N=CN2[C@@H]1O[C@H](COP(=O)([O-])OP(=O)([O-])OP(=O)([O-])[O-])[C@@H](O)[C@H]1O>>CC(C)=CCC/C(C)=C/COP(=O)([O-])[O-].NC1=NC=NC2=C1N=CN2[C@@H]1O[C@H](COP(=O)([O-])OP(=O)([O-])[O-])[C@@H](O)[C@H]1O.[H+]
11176	O=P([O-])([O-])O.OC[C@H]1O[C@H](O[C@H]2C(O)O[C@H](CO)[C@@H](O)[C@@H]2O)[C@H](O)[C@@H](O)[C@@H]1O>>O=P([O-])([O-])O[C@@H]1O[C@H](CO)[C@@H](O)[C@H](O)[C@H]1O.OC[C@H]1OC(O)[C@H](O)[C@@H](O)[C@@H]1O
20109	NC1=NC=NC2=C1N=CN2[C@@H]1O[C@H](COP(=O)([O-])OP(=O)([O-])OP(=O)([O-])[O-])[C@@H](O)[C@H]1O.O=P([O-])([O-])OC[C@H]1O[C@H](OP(=O)([O-])[O-])[C@H](O)[C@@H]1O>>NC1=NC=NC2=C1N=CN2[C@@H]1O[C@H](COP(=O)([O-])OP(=O)([O-])[O-])[C@@H](O)[C@H]1O.O=P([O-])([O-])OC[C@H]1O[C@H](OP(=O)([O-])OP(=O)([O-])[O-])[C@H](O)[C@@H]1O
34591	C[S+](CC[C@H]([NH3+])C(=O)[O-])C[C@H]1O[C@@H](N2C=NC3=C2N=CN=C3N)[C@H](O)[C@@H]1O.[H][C@]12[C@H](CC(=O)[O-])[C@@](C)(CCC(=O)[O-])C3=[N+]1[Co-2]14N5/C(=C\C6=[N+]1C(=C(CCC(=O)[O-])[C@]6(C)CC(=O)[O-])C[C@@]1(C)C(C)=C(CCC(=O)[O-])C(=[N+]14)C3C)[C@@H](CCC(=O)[O-])[C@](C)(CC(=O)[O-])[C@@]52C>>NC1=NC=NC2=C1N=CN2[C@@H]1O[C@H](CSCC[C@H]([NH3+])C(=O)[O-])[C@@H](O)[C@H]1O.[H+].[H][C@]12[C@H](CC(=O)[O-])[C@@](C)(CCC(=O)[O-])C3=[N+]1[Co-2]14N5/C(=C(/C)C6=[N+]1C(=C(CCC(=O)[O-])[C@]6(C)CC(=O)[O-])C[C@@]1(C)C(C)=C(CCC(=O)[O-])C(=[N+]14)C3C)[C@@H](CCC(=O)[O-])[C@](C)(CC(=O)[O-])[C@@]52C
15389	NC1=NC=NC2=C1N=CN2[C@@H]1O[C@H](COP(=O)([O-])OP(=O)([O-])OP(=O)([O-])[O-])[C@@H](O)[C@H]1O>>NC1=C2N=CN([C@@H]3O[C@@H]4COP(=O)([O-])O[C@H]4[C@H]3O)C2=NC=N1.O=P([O-])([O-])OP(=O)([O-])O
52461	O=C1C=CN([C@@H]2O[C@H](COP(=O)([O-])OP(=O)([O-])O[C@H]3O[C@H](C(=O)[O-])[C@@H](O)[C@H](O)[C@H]3O)[C@@H](O)[C@H]2O)C(=O)N1.[H][C@@]12CCC3=CC(O)=CC=C3[C@@]1([H])CC[C@]1(C)[C@@H](O)CC[C@@]21[H]>>O=C1C=CN([C@@H]2O[C@H](COP(=O)([O-])OP(=O)([O-])[O-])[C@@H](O)[C@H]2O)C(=O)N1.[H+].[H][C@@]12CCC3=C(C=CC(O[C@@H]4O[C@H](C(=O)[O-])[C@@H](O)[C@H](O)[C@H]4O)=C3)[C@@]1([H])CC[C@]1(C)[C@@H](O)CC[C@@]21[H]
58560	NC(=O)C1=CC=C[N+]([C@@H]2O[C@H](COP(=O)([O-])OP(=O)([O-])OC[C@H]3O[C@@H](N4C=NC5=C4N=CN=C5N)[C@H](OP(=O)([O-])[O-])[C@@H]3O)[C@@H](O)[C@H]2O)=C1.[H][C@@]12CCN(CC/C3=C(\NC4=C3C=CC=C4)[C@@]1(C=O)C(=O)OC)C/C2=C/C>>NC(=O)C1=CN([C@@H]2O[C@H](COP(=O)([O-])OP(=O)([O-])OC[C@H]3O[C@@H](N4C=NC5=C4N=CN=C5N)[C@H](OP(=O)([O-])[O-])[C@@H]3O)[C@@H](O)[C@H]2O)C=CC1.[H][C@@]12CC=[N+](CC/C3=C(\NC4=C3C=CC=C4)[C@@]1(C=O)C(=O)OC)C/C2=C/C
20141	*S(=O)C[C@H]([NH3+])C(=O)[O-]>>*SO.C=C([NH3+])C(=O)[O-]
33651	CC(C)(COP(=O)([O-])OP(=O)([O-])OC[C@H]1O[C@@H](N2C=NC3=C2N=CN=C3N)[C@H](O)[C@@H]1OP(=O)([O-])[O-])[C@@H](O)C(=O)NCCC(=O)NCCS.CCCCC/C=C\C/C=C\CCCCCCCC(=O)[O-].NC1=NC=NC2=C1N=CN2[C@@H]1O[C@H](COP(=O)([O-])OP(=O)([O-])OP(=O)([O-])[O-])[C@@H](O)[C@H]1O>>CCCCC/C=C\C/C=C\CCCCCCCC(=O)SCCNC(=O)CCNC(=O)[C@H](O)C(C)(C)COP(=O)([O-])OP(=O)([O-])OC[C@H]1O[C@@H](N2C=NC3=C2N=CN=C3N)[C@H](O)[C@@H]1OP(=O)([O-])[O-].NC1=NC=NC2=C1N=CN2[C@@H]1O[C@H](COP(=O)([O-])[O-])[C@@H](O)[C@H]1O.O=P([O-])([O-])OP(=O)([O-])O
31575	N/C1=N/C2=C(NC(=O)N2[C@H]2C[C@H](O)[C@@H](COP(=O)([O-])OP(=O)([O-])OP(=O)([O-])[O-])O2)C(=O)N1.[H]O[H]>>N/C1=N/C2=C(NC(=O)N2[C@H]2C[C@H](O)[C@@H](COP(=O)([O-])[O-])O2)C(=O)N1.O=P([O-])([O-])OP(=O)([O-])O.[H+]
40483	[H]C(=O)CCCC(=O)O[C@H](COC(=O)CCCCCCCCCCCCCCC)COP(=O)([O-])OCC[N+](C)(C)C.[H]O[H]>>CCCCCCCCCCCCCCCC(=O)OC[C@@H](O)COP(=O)([O-])OCC[N+](C)(C)C.[H+].[H]C(=O)CCCC(=O)[O-]
17989	*N[C@@H](CO)C(*)=O.NC1=NC=NC2=C1N=CN2[C@@H]1O[C@H](COP(=O)([O-])OP(=O)([O-])OP(=O)([O-])[O-])[C@@H](O)[C@H]1O>>*N[C@@H](COP(=O)([O-])[O-])C(*)=O.NC1=NC=NC2=C1N=CN2[C@@H]1O[C@H](COP(=O)([O-])OP(=O)([O-])[O-])[C@@H](O)[C@H]1O.[H+]
65116	O=C([O-])CCC(=O)C(=O)[O-].O=O.[H][C@]12CC=C(C)C[C@H](OC(=O)[C@@H]3CCC[NH2+]3)[C@]1(C)C(=O)C=C2CC>>CCC1=CC(=O)[C@]2(C)C1=CC=C(C)C[C@@H]2OC(=O)[C@@H]1CCC[NH2+]1.O=C([O-])CCC(=O)[O-].O=C=O.[H]O[H]
15481	[H]O[H].[H][C@]12CNC3=C(C(=O)NC(N)=N3)N1CN(C1=CC=C(C(=O)N[C@@H](CCC(=O)[O-])C(=O)[O-])C=C1)C2.[NH3+]CC(=O)[O-]>>NC1=NC2=C(N[C@@H](CNC3=CC=C(C(=O)N[C@@H](CCC(=O)[O-])C(=O)[O-])C=C3)CN2)C(=O)N1.[NH3+][C@@H](CO)C(=O)[O-]
54173	*N[C@@H](CCCCNC(*)=O)C(*)=O.NC(=O)C1=CC=C[N+]([C@@H]2O[C@H](COP(=O)([O-])OP(=O)([O-])OC[C@H]3O[C@@H](N4C=NC5=C4N=CN=C5N)[C@H](O)[C@@H]3O)[C@@H](O)[C@H]2O)=C1.[H]O[H]>>*C(=O)O[C@H]1C(O)O[C@H](COP(=O)([O-])OP(=O)([O-])OC[C@H]2O[C@@H](N3/C=N\C4=C(N)N=CN=C43)[C@H](O)[C@@H]2O)[C@H]1O.*N[C@@H](CCCC[NH3+])C(*)=O.NC(=O)C1=CC=CN=C1
22724	*C1CCC2C3CCC4CC(O)CCC4(C)C3CCC12C.O=C1C=CN([C@@H]2O[C@H](COP(=O)([O-])OP(=O)([O-])O[C@H]3O[C@H](CO)[C@@H](O)[C@H](O)[C@H]3O)[C@@H](O)[C@H]2O)C(=O)N1>>*C1CCC2C3CCC4CC(O[C@@H]5O[C@H](CO)[C@@H](O)[C@H](O)[C@H]5O)CCC4(C)C3CCC12C.O=C1C=CN([C@@H]2O[C@H](COP(=O)([O-])OP(=O)([O-])[O-])[C@@H](O)[C@H]2O)C(=O)N1.[H+]
42160	CCCCC/C=C\C/C=C\CCCCCCCCCC(=O)SCCNC(=O)CCNC(=O)[C@H](O)C(C)(C)COP(=O)([O-])OP(=O)([O-])OC[C@H]1O[C@@H](N2C=NC3=C2N=CN=C3N)[C@H](O)[C@@H]1OP(=O)([O-])[O-].O=O.[H]*[H]>>*.CCCCC/C=C\C/C=C\CCCC/C=C\CCCC(=O)SCCNC(=O)CCNC(=O)[C@H](O)C(C)(C)COP(=O)([O-])OP(=O)([O-])OC[C@H]1O[C@@H](N2C=NC3=C2N=CN=C3N)[C@H](O)[C@@H]1OP(=O)([O-])[O-].[H]O[H].[H]O[H]
34179	COC1=C(C)C2=C(C(=O)OC2)C(O)=C1C/C=C(\C)CCC(=O)O[C@@H]1O[C@H](C(=O)[O-])[C@@H](O)[C@H](O)[C@H]1O.[H]O[H]>>COC1=C(C)C2=C(C(=O)OC2)C(O)=C1C/C=C(\C)CCC(=O)[O-].O=C([O-])[C@H]1OC(O)[C@H](O)[C@@H](O)[C@@H]1O.[H+]
18245	CC(C)(COP(=O)([O-])OP(=O)([O-])OC[C@H]1O[C@@H](N2C=NC3=C2N=CN=C3N)[C@H](O)[C@@H]1O)[C@@H](O)C(=O)NCCC(=O)NCCS.NC1=NC=NC2=C1N=CN2[C@@H]1O[C@H](COP(=O)([O-])OP(=O)([O-])OP(=O)([O-])[O-])[C@@H](O)[C@H]1O>>CC(C)(COP(=O)([O-])OP(=O)([O-])OC[C@H]1O[C@@H](N2C=NC3=C2N=CN=C3N)[C@H](O)[C@@H]1OP(=O)([O-])[O-])[C@@H](O)C(=O)NCCC(=O)NCCS.NC1=NC=NC2=C1N=CN2[C@@H]1O[C@H](COP(=O)([O-])OP(=O)([O-])[O-])[C@@H](O)[C@H]1O.[H+]
18953	C[C@H](O)[C@H](O)C1=NC2=C(NC1)NC(N)=NC2=O.NC(=O)C1=CC=C[N+]([C@@H]2O[C@H](COP(=O)([O-])OP(=O)([O-])OC[C@H]3O[C@@H](N4C=NC5=C4N=CN=C5N)[C@H](OP(=O)([O-])[O-])[C@@H]3O)[C@@H](O)[C@H]2O)=C1>>CC(O)C(=O)C1=NC2=C(N=C(N)NC2=O)NC1.NC(=O)C1=CN([C@@H]2O[C@H](COP(=O)([O-])OP(=O)([O-])OC[C@H]3O[C@@H](N4C=NC5=C4N=CN=C5N)[C@H](OP(=O)([O-])[O-])[C@@H]3O)[C@@H](O)[C@H]2O)C=CC1.[H+]
13897	C=C(O[C@@H]1C=C(C(=O)[O-])C=C[C@H]1O)C(=O)[O-]>>[H][C@]1(O)C=C[C@@](CC(=O)C(=O)[O-])(C(=O)[O-])C=C1
